"allele","median_value"
"IGHD4-KMEY*01_i0ggaggccgaagcaggcggattacgaggtcaggagatca_t1a_t5c_g8c_g9c_a11g_16acacggtgaaa26",0.109375
"IGHD11-PSVV*01_i0agagattgtaaaatcga_c7a_g11t_a12t_a15t_t17-_a18-_c19-_t22c_c31g_a32c_c33t_35ccttcattaatta47",0.114754098360656
"IGHD1-RIPD*01_i0attatcatactcagctgctgctccgatatggactgagta_g1t_t3g_c8t_g10t_g11a_17gcct20",0.11864406779661
"IGHD2-QKRU*04_i0aaggacaaaccacag_c3a_t5g_8ccgc11_t13a_g17-_g18-_c28a_32tgctcctccagagc45",0.120689655172414
"IGHD2-QKRU*04_i0aaggacgaaccac_c3a_a4g_t5a_7gatcc11_t13c_g15a_t16g_g18c_c28a_32tgctcctccagagc45",0.120689655172414
"IGHD2-QKRU*04_i0aaggacgaaccacag_c3a_t5g_8ccgc11_t13a_g17-_g18-_c28a_32tgctcctccagagc45",0.120689655172414
"IGHD2-QKRU*04_i0aaggatgaaccacag_c3a_t5g_8ccgc11_t13a_g17-_g18-_c28a_32tgctcctccagagc45",0.120689655172414
"IGHD5-X76R*01_i0gagcagtgaactgga_t2c_g3c_g4c_t6g_a9t_g12a_t15g_t20a_t21g_24cagccgctgacatcccgagc43",0.120689655172414
"IGHD5-X76R*01_i0gagctgtgaactgga_t2c_g3c_g4c_t6g_a9t_g12a_t15g_t20a_t21g_24cagccgctgacatcccgagc43",0.120689655172414
"IGHD3-72Z4*02_i0gtggctttttc_g1a_t2a_a6c_t8c_a9g_g11t_g17a_t19-_t22a_29gggcatgtgagcaga43",0.132075471698113
"IGHD3-72Z4*01_i0gtggctttttcaaattcccgtt_t4g_c7g_t10a_g11t_g15c_t19g_t20c_t23g_a24t_c25g_c27g_29ag30",0.134615384615385
"IGHD3-72Z4*02_i0gtggcttttgc_g1a_t2a_a6c_t8c_a9c_g11t_g17a_t19-_t22a_29gggcatgtgagcag42",0.134615384615385
"IGHD2-QKRU*04_i0aaggacgaaccacag_c3a_t5g_8ccgc11_t13a_g17-_g18-_c28a_32tgctcc37",0.14
"IGHD1-RIPD*01_i0gacgcaccca_a4t_a6g_a7c_g11a_a13c_g15c_18tgtgactattaca30",0.15
"IGHD6-64ZP*01_i0gcttcacattcaagctgtctccagca_t4a_t6g_c9-_g15c_19tct21",0.152173913043478
"IGHD2-QKRU*04_i0aaggacgaaccacag_c3a_t5g_8ccgc11_t13a_g17-_g18-_c28a_32tgctcctc39",0.153846153846154
"IGHD6-64ZP*03_i0ttgctgaggctggaatgcagtggtatgatcata_g2c_g3t_t4c_t6c_a13c_g14t_t16a_19c19",0.153846153846154
"IGHD6-64ZP*01_i0cttcatggatgtgg_g1a_g2c_t4a_g8t_c9t_a10t_g14t_g15c_19agatttagaaagt31",0.155555555555556
"IGHD9-GADR*01_i0tccctgaactttcattt_a3c_a4c_g6c_c8g_a10t_a12g_g16c_g20c_t21a_a23c_c24t_g27c_t28a",0.155555555555556
"IGHD6-T3KD*01_i0ctggtaccaaaac_g1a_g3a_t4g_g8c_c9a_g11a_a13c_g14a_c15a_22agaacagagc31",0.159090909090909
"IGHD3-72Z4*02_i0tttctataatcaggcttagatctta_t2g_a3g_13----16_a21t_t22g_a24c_c25t_29a29",0.16
"IGHD4-KMEY*01_i0atgaagacgctgtggtgtgtctg_a3t_c4g_a6c_g9t_t10a_g12c_t14c_17agggatgaaga27",0.16
"IGHD10-B4TS*01_i0aaaaagt_6caac9_11-caaca16_c18a_t20c_c28t",0.162162162162162
"IGHD12-7HR7*01_t2c_t5a_g7a_g9a_g11-_a15t_a18t_t19g_23tctccacattattggg38",0.162162162162162
"IGHD4-KMEY*01_i0tattcctttggacattttt_g2t_a3c_a6t_g8t_g12t_c13t_t14a_17gatattta24",0.162790697674419
"IGHD5-75EJ*02_i0a_g1a_g3t_g4t_a7t_10aagt13_t17a_a19g_21attctttttactgcttggaagg42",0.162790697674419
"IGHD3-NW5N*01_i0ctgac_g1c_a9g_g15-_g18c_21aaat24_t26g_a27t_31tgcaatc37",0.170731707317073
"IGHD5-X76R*02_i0cagggcagtgtactagcaca_t6g_a7c_t11a_a16c_a18c_a22-_c23-",0.170731707317073
"IGHD1-RIPD*01_i0gacgcaccca_a4t_a6g_a7t_g11a_a13c_g15c_18tgtgactattaca30",0.175
"IGHD7-BAAI*01_i0ggcaaggttcagaat_g2t_t8g_g9a_g10t_c14a_t15c_a16t_19gttggat25",0.175
"IGHD5-75EJ*01_i0acagtcttgttcct_t2c_g3c_g4t_a7t_t8g_c11a_a13c_g15t_20tggact25",0.179487179487179
"IGHD2-B3VX*01_i0cctgctgct_g2t_a4c_a6c_c7a_g12-_t13a_18tgact22_32ttgccttg39",0.180851063829787
"IGHD3-VBVC*01_i0gcaatattatccttcaa_g1a_a3t_t8-_t10g_g12t_14caat17_c28t",0.181818181818182
"IGHD1-2J4B*02_i0gtgaaagtgag_g1c_g2t_t3g_a4t_c8a_16tccctctcactt27",0.184210526315789
"IGHD1-GRMY*01_i0atctccatgtaa_g7a_10tact13_a15c_a16t_18cttgccttc26",0.184210526315789
"IGHD1-GRMY*01_i0atctccatgtaa_g7a_10tact13_a15c_a16t_18cttgccttt26",0.184210526315789
"IGHD1-GRMY*01_i0atctccatgtaa_g7a_10tact13_a15c_a16t_18cttgctttc26",0.184210526315789
"IGHD4-KMEY*01_i0cgggtaccggtacttact_a3t_a6-_g8t_c13a_17ttttt21",0.184210526315789
"IGHD4-KMEY*01_i0tgggtaccggtacttact_a3t_a6-_g8t_c13a_17ttttt21",0.184210526315789
"IGHD5-X76R*03_i0gattgtatgatag_g1t_g3t_a7t_g10t_t15g_a16c_c17g_t20g_t21g_a22c_24ac25",0.184210526315789
"IGHD1-GRMY*02_i0atgcc_g1t_t3c_a6g_g11t_a13t_c14t_a16c_18aggagaccaaatctctgataa38",0.186046511627907
"IGHD4-KMEY*01_i0tacaggaaatggtca_g2t_g8a_t10a_i11g_17tcatttctttg27",0.186046511627907
"IGHD7-BAAI*01_i0ataatctgcct_g2a_t3c_t5c_t8a_g10t_g11c_c17t_a18t_21ggttttaataac32",0.186046511627907
"IGHD12-7HR7*02_i0ctccttattctctt_g1t_a3g_c4t_g7t_11ctgg14_a18g_a21g_23tgta26",0.1875
"IGHD1-2J4B*01_g1t_g2t_t5a_c8t_t9c_g10a_a13t_c14g_t15c_18tctttttactgcttggaagg37",0.189189189189189
"IGHD12-7HR7*01_t2c_t5-_g6a_g9a_t10a_a15t_a18t_t19g_23tctccacattattggg38",0.189189189189189
"IGHD4-ZLQB*01_i0caattcttgccta_g2t_c7t_c8t_t10a_c13t_16gagatagggtcttactctttca37",0.19
"IGHD4-74CP*02_i0tctgaagtctcattat_t1a_g2a_12ttagtgatttttttc26",0.19047619047619
"IGHD1-GRMY*01_i0cactgtgg_t3g_a6g_g7a_t9a_g10a_a13t_c14g_18gtaaacctcctctcactaatta39",0.191489361702128
"IGHD12-7HR7*01_i0cag_c4a_6ttttgt11_t19g_g20t_23agaagtggttt33",0.194444444444444
"IGHD3-VBVC*01_i0gtgaga_g1c_t5a_7agga10_t13g_g15c_t16a_a17t_28att30",0.194444444444444
"IGHD4-KMEY*01_i0tacaggaaatggtca_g2t_g8a_t10a_i11g_17tcatttttttg27",0.197674418604651
"IGHD1-RIPD*04_i0acttttattatttacagg_g1c_g2t_t3a_a4t_a7t_g10t_a12t_c14t",0.2
"IGHD5-75EJ*02_i0atgtaaaattctta_g3t_g4a_a5t_a9t_g10a_c11t_c14t_20ga21",0.2
"IGHD6-DWON*01_i0gcaccaga_g1c_g2c_g3c_a5g_a7c_g8c_g11a_t19c_22ggttcc27",0.2
"IGHD1-RIPD*01_i0tgtagtagtga_a4c_t5a_a7t_g11a_a12g_a13c_18agaagt23",0.205882352941176
"IGHD5-75EJ*03_i0tctcca_g1c_a7c_a9t_c11a_t12a_c14t_t18g_20gagaag25",0.209677419354839
"IGHD5-X76R*04_i0ccaggt_g1a_t6g_c8a_a16g_c17g_a18g_t20c_22gttcctcttcg32",0.210526315789474
"IGHD6-64ZP*03_i0a_g1a_g2t_t4c_a5c_t6a_c9a_t16g_a17g_19cagttgggatccagtgtga37",0.210526315789474
"IGHD9-GADR*01_t5g_c8a",0.214285714285714
"IGHD1-GRMY*01_i0gta_g1a_a6t_c8g_t9a_a12c_c14t_17aatgcataggtgg29",0.21875
"IGHD12-7HR7*01_i0caat_a3t_g11-_a12-_a15t_t16a_a18g_t19g_a21c_23tcttttat30",0.21875
"IGHD12-7HR7*02_g1c_t2a_a3g_c4t_g9c_a12g_t16c_a18t_t19a_22agaaaatatgt32",0.21875
"IGHD4-74CP*02_i0atct_a4t_c7g_15ttggtattttccc27",0.225806451612903
"IGHD4-74CP*02_i0cccggatgacacac_t1a_a3c_t5a_a11g_c13t_16tg17",0.225806451612903
"IGHD5-75EJ*01_i0tattttatca_g3a_a5t_t6a_a7c_a9t_c11t_t12g_g15t_20tg21",0.225806451612903
"IGHD7-BAAI*01_i0gc_g2t_a4c_6tcaa9_g11a_c14a_20tattaaaagc29",0.225806451612903
"IGHD1-RIPD*01_g2t_t3g_c8g_g11t_a13c_g15a_17atcttagaatttac30",0.233333333333333
"IGHD7-BAAI*03_i0ccatgttattaa_t5a_g7t_t8g_g11a_21aa22",0.235294117647059
"IGHD4-74CP*02_i0ctgtgcaaatt_t1g_g2t_a3c_a11c_15ttcctcac22",0.242424242424242
"IGHD1-GRMY*02_i0cctgcagtttactg_8taatg12_18t18",0.25
"IGHD4-KMEY*01_i0gtatttttc_g2c_a6t_g8t_g9t_g12c_c13t_15ttcct19",0.25
"IGHD4-KMEY*01_i0tcttta_g2t_a3t_g9a_a11c_g12t_15catctcca22",0.25
"IGHD4-KMEY*01_i0ttctttttttctgatgcctt_8tact11_c13g",0.25
"IGHD7-BAAI*03_i0gtgtca_t3g_a6t_g7c_g9a_a12g_a16c_c17t_20gtt22",0.25
"IGHD9-GADR*01",0.25
"IGHD9-GADR*01_g11a_a19g",0.25
"IGHD9-GADR*01_t28c",0.25
"IGHD9-GADR*01_t5g",0.25
"IGHD4-KMEY*01_i0tactctg_g2c_a3t_t5c_g8t_g9t_a11g_c13g_17acaattagaaaa28",0.257142857142857
"IGHD4-74CP*01_i0aaataagcaacatacag_t1a_a3t_c4t_c7t_g9t_c13a_c16t",0.257575757575758
"IGHD4-74CP*02_i0gtattatgca_g2c_c7t_g9t_t10a_a12t_15taa17",0.259259259259259
"IGHD1-RIPD*01_i0t_g2t_a4t_c8t_10tttg13_17gctttggg24",0.26
"IGHD4-KMEY*01_g2t_t5a_g8a_t10a_a11t_g12t_16agcttatt23",0.260869565217391
"IGHD4-KMEY*01_g2t_t5a_g8a_t10a_a11t_g12t_16agcttgtt23",0.260869565217391
"IGHD6-64ZP*03_i0c_g1a_g3a_t4c_a5g_a7g_g8c_c12g_c15g_18gtgattgtgc27",0.267857142857143
"IGHD1-2J4B*02_i0agtag_g1a_g7t_a12c_a13c_a16c_18tcca21",0.269230769230769
"IGHD1-RIPD*03_i0gagtgg_g1t_t3g_a4t_a6t_g7c_g11c_a12c_c14a_18gct20",0.269230769230769
"IGHD4-KMEY*01_i0at_t1a_g2t_a3g_t5a_a11t_c13a_t14g_17atga20",0.272727272727273
"IGHD1-RIPD*04_i0tt_g1t_a4c_a6c_c8g_g11c_a12c_c14g_a16g_18t18",0.275
"IGHD5-75EJ*01_i0gag_a7c_a9g_g10a_c11a_a13g_g15t_g16t_19cag21",0.291666666666667
"IGHD6-64ZP*01_i0gaggt_a5c_7gaat10_g14t_g15t_18ag19",0.291666666666667
"IGHD4-AWN2*02_i0accacagtg_t1g_g2t_a3g_t5c_g8c_g9a_t17a_20caggc24",0.303030303030303
"IGHD1-2J4B*02_i0gct_g2c_a4c_g7c_c8a_a12g_a13g_a16g_18tct20",0.304347826086957
"IGHD7-BAAI*01_2aagc5_g11t_14gacg17_20aatt23",0.304347826086957
"IGHD6-UTCO*01_i0gct_g2c_g3t_a5t_a7t_g8t_a10c_g11a_a14c_16ccct19",0.318181818181818
"IGHD1-2J4B*01_i0cttgc_g1t_g2a_t9a_a13g_c14a_t15c_18gc19",0.333333333333333
"IGHD1-GRMY*01_i0gtgg_g1c_a2c_t5g_c8g_g10c_g11t_a12t_c14g_a16t",0.333333333333333
"IGHD1-RIPD*04_g1t_a4c_a6c_c8g_g11c_a12c_c14g_a16g_18t18",0.333333333333333
"IGHD12-7HR7*02_g1c_t2a_a3g_c4t_g9c_a12g_t16c_a18t_t19a_22aga24",0.333333333333333
"IGHD4-KMEY*01_g2c_a3t_a6t_g9t_a11t_14aggtg18",0.333333333333333
"IGHD6-64ZP*01_g1c_g3t_a7t_g8c_a10c_g11c_g14t_17ttgct21",0.333333333333333
"IGHD7-BAAI*01_g2-_t3-_a6t_g7a_a16c_c17g_21taa23",0.333333333333333
"IGHD1-2J4B*01_i0aa_g1a_t3c_t5g_a6t_c8g_g10a_g11a_a12g_t15g_18aatt21",0.347826086956522
"IGHD6-UTCO*01_i0cagacga_g1t_a5c_c9t_a10g_c12g_15gc16",0.347826086956522
"IGHD6-LDSS*01_2----5_a7t_g8t_g17t_t19c_22ctg24",0.35
"IGHD6-UTCO*01_g1a_g3a_t4g_c9g_a10c_g11t_14cttg17",0.352941176470588
"IGHD4-KMEY*01_i0t_t1a_t5g_g9-_t10-_g12t_16gtggtagc23",0.363636363636364
"IGHD1-2J4B*01_t3g_a4g_a6g_11aggg14_17gtt19",0.368421052631579
"IGHD1-RIPD*01_t3-_t5g_a6g_a7t_g11t_a12t_a13c_17tgta20",0.368421052631579
"IGHD4-74CP*02_t1g_a3g_t5g_a6c_t10a_a11c_a12c_a15g",0.375
"IGHD4-74CP*02_t1g_a3g_t5g_a6c_t10a_a11c_a12c_t14c_a15g",0.375
"IGHD1-2J4B*01_g1a_g2c_t3a_t5g_c14t_t15a_a16t_18acac21",0.380952380952381
"IGHD4-KMEY*01_i0ccttac_g2c_a3t_g12-_t14c_c16a",0.380952380952381
"IGHD1-2J4B*02_i0acaataa_a13t_c14a_16gctc19",0.384615384615385
"IGHD1-GRMY*01_a2-_t3-_c8g_t9a_a12t_c14t_18agg20",0.388888888888889
"IGHD1-GRMY*01_a2-_t3-_c8g_t9a_g10t_a12t_c14t_18agg20",0.388888888888889
"IGHD4-74CP*02_2tgtggg7_a11c_16tat18",0.388888888888889
"IGHD12-7HR7*01_g1a_a3t_g6-_g9t_g11t_t16c_a18c_21tttgta26",0.4
"IGHD4-74CP*02_i0cagtat_g2a_t10g_13----16",0.444444444444444
"IGHD1-RIPD*01",0.470588235294118
"IGHD5-X76R*02_g4a",0.478260869565217
"IGHD4-KMEY*01_t1a_a3t_c4a_a6t_t7a_t14a_a15g_c16g",0.5
"IGHD4-KMEY*01_t1a_g2c_a3t_c4g_a6t_t7a_t14a_a15g_c16g",0.5
"IGHD1-QQWR*01",0.529411764705882
"IGHD13-SXKU*01",0.540540540540541
"IGHD12-7HR7*02",0.590909090909091
"IGHD7-BAAI*01",0.6
"IGHD7-BAAI*02",0.6
"IGHD7-BAAI*03",0.6
"IGHD3-VBVC*01",0.607142857142857
"IGHD3-NW5N*05",0.612903225806452
"IGHD6-LDSS*02",0.619047619047619
"IGHD12-7HR7*01",0.636363636363636
"IGHD3-72Z4*02",0.642857142857143
"IGHD3-VBVC*01_g18a",0.642857142857143
"IGHD3-NW5N*01",0.645161290322581
"IGHD5-75EJ*01",0.65
"IGHD5-X76R*03",0.652173913043478
"IGHD6-64ZP*03",0.666666666666667
"IGHD6-DWON*02_c12t",0.666666666666667
"IGHD6-T3KD*01",0.666666666666667
"IGHD3-72Z4*01",0.678571428571429
"IGHD4-AWN2*01",0.684210526315789
"IGHD4-AWN2*02",0.684210526315789
"IGHD4-KMEY*01",0.6875
"IGHD5-X76R*02_c8t",0.695652173913043
"IGHD5-X76R*04_c8t",0.695652173913043
"IGHD1-RIPD*04",0.705882352941177
"IGHD10-B4TS*04",0.709677419354839
"IGHD10-B4TS*04_c28t",0.709677419354839
"IGHD8-ANVS*01",0.709677419354839
"IGHD6-DWON*01",0.714285714285714
"IGHD6-DWON*02",0.714285714285714
"IGHD6-64ZP*01",0.722222222222222
"IGHD6-64ZP*04_a10g",0.722222222222222
"IGHD5-X76R*05",0.739130434782609
"IGHD10-JYXZ*01",0.741935483870968
"IGHD2-QKRU*03",0.741935483870968
"IGHD8-5Q35*12",0.741935483870968
"IGHD11-PSVV*01_i19g_c34a",0.742857142857143
"IGHD4-74CP*01",0.75
"IGHD4-74CP*01_c7t",0.75
"IGHD4-74CP*02",0.75
"IGHD5-75EJ*02",0.75
"IGHD5-75EJ*03",0.75
"IGHD1-2J4B*02",0.764705882352941
"IGHD1-RIPD*03",0.764705882352941
"IGHD1-RIPD*05",0.764705882352941
"IGHD11-PSVV*01",0.764705882352941
"IGHD10-ELDI*01",0.774193548387097
"IGHD2-QKRU*05",0.774193548387097
"IGHD8-5Q35*11",0.774193548387097
"IGHD10-ELDI*02",0.806451612903226
"IGHD2-B3VX*01",0.806451612903226
"IGHD2-QKRU*01",0.806451612903226
"IGHD2-QKRU*02",0.806451612903226
"IGHD2-QKRU*04",0.806451612903226
"IGHD1-2J4B*01",0.823529411764706
"IGHD1-GRMY*01",0.823529411764706
"IGHD1-GRMY*02",0.823529411764706
"IGHD5-X76R*01",0.826086956521739
"IGHD5-X76R*02",0.826086956521739
"IGHD5-X76R*04",0.826086956521739
"IGHD6-64ZP*01_g3a",0.833333333333333
